{
  "faithfulness": 0.35119391449130943,
  "answer_relevancy": 0.5127547359609433,
  "context_precision": 0.9999999999355557,
  "context_recall": 0.7762962962962963
}