{
  "faithfulness": 0.37975495565253425,
  "answer_relevancy": 0.5088199596261391,
  "context_precision": 0.9999999999383334,
  "context_recall": 0.853888888888889
}