{
  "faithfulness": 0.3695557137418559,
  "answer_relevancy": 0.4879223297929282,
  "context_precision": 0.9999999999361111,
  "context_recall": 0.8
}