{
  "faithfulness": 0.37111890483782906,
  "answer_relevancy": 0.4960235359457492,
  "context_precision": 0.9999999999383334,
  "context_recall": 0.7907407407407407
}